issue_key,check_id,rule_type,table,row_index,column,value,severity,message
8d53deed4c75725a26cd5c30a12b9553c7ecb670,customers_pk_not_null,not_null,customers,5,customer_id,,high,customer_id 不能为空
4bc2080c764c3f2d0716af5b89577e3bfa1f02f5,customers_pk_unique,unique,customers,7,customer_id,C000006,high,唯一键重复：customer_id
1bb3c5825c5ea151dd0b2c1741af12dd2aaa796e,customers_pk_unique,unique,customers,402,customer_id,C000006,high,唯一键重复：customer_id
6323349f34ce2fb002618821dd665f03350e96d9,customers_email_format,regex,customers,2,email,bad-email,medium,email 格式不符合规则
ed7fede295a397a8c8139b9f091d10659d010b84,customers_email_format,regex,customers,3,email,,medium,email 格式不符合规则
fbe0fba208479670397b9cefc5e886a905abbed3,customers_status_allowed,allowed_values,customers,4,status,unknown,medium,status 取值不在允许范围内
186de565e592b1c4ab80553c243ddf30e86c23bb,customers_join_not_future,date_not_after,customers,6,join_date,2026-12-31,high,join_date 不是有效历史日期或晚于 2026-01-15
93a06c97b394b01f09d2c6c11a63449602bb0893,products_pk_unique,unique,products,5,product_id,P0004,high,唯一键重复：product_id
bd623f9d2f16422a9697f1562a8b73fa7e1e52df,products_pk_unique,unique,products,102,product_id,P0004,high,唯一键重复：product_id
7802a8fa5058671fff64c40133445b93ed288200,products_category_not_null,not_null,products,3,category,,high,category 不能为空
e37ef9abb2d89d4b6b698be100843d8afc42e643,products_cost_range,range,products,2,unit_cost,-10.00,high,unit_cost 超出数值范围
602d33b5a27f2566243d8a1aab54527ce50ed54f,products_price_range,range,products,4,list_price,0.00,high,list_price 超出数值范围
2387c382722a8c81c11b0982f30ab595a8dd57f6,orders_pk_not_null,not_null,orders,11,order_id,,high,order_id 不能为空
01d2cf94a62fd47c562132cdddaf4060c416020f,orders_pk_unique,unique,orders,10,order_id,O00000009,high,唯一键重复：order_id
9d39b84c386b1557b5836fdabf27ef79e00adeda,orders_pk_unique,unique,orders,6002,order_id,O00000009,high,唯一键重复：order_id
e4ebf9b3691088a1419f58b10593e19ba30cb4bc,orders_customer_fk,referential_integrity,orders,7,customer_id,C999999,high,customer_id 在父表中不存在
052a4020f2cc5dfa00171e8f681a4a272e689a11,orders_customer_fk,referential_integrity,orders,448,customer_id,C000004,high,customer_id 在父表中不存在
e789fbd2010eaf6ffa51de0399cff869d5101669,orders_customer_fk,referential_integrity,orders,1403,customer_id,C000004,high,customer_id 在父表中不存在
08937e0b0b3deac2fa9585fb25012f24e5504dc8,orders_customer_fk,referential_integrity,orders,2332,customer_id,C000004,high,customer_id 在父表中不存在
b33f054c723298e41a7518b52d5a7e30a559beb3,orders_customer_fk,referential_integrity,orders,2370,customer_id,C000004,high,customer_id 在父表中不存在
37354d958aa2598095485215055b71babf8a5e3d,orders_customer_fk,referential_integrity,orders,3002,customer_id,C000004,high,customer_id 在父表中不存在
dfd6643a396b78c0cbbc185882366f33606fef3b,orders_customer_fk,referential_integrity,orders,3370,customer_id,C000004,high,customer_id 在父表中不存在
2adafc620b3f4011f83e2fab1e8812a0ff621742,orders_customer_fk,referential_integrity,orders,3392,customer_id,C000004,high,customer_id 在父表中不存在
d4b81010d2fe967b1f6a81aaafac52a8f26d7f94,orders_customer_fk,referential_integrity,orders,3892,customer_id,C000004,high,customer_id 在父表中不存在
546bb4bb97fcb5de81d3ac1fc046b0efbfde0ac5,orders_customer_fk,referential_integrity,orders,4258,customer_id,C000004,high,customer_id 在父表中不存在
e10fd021af16138706ca1ba3f8d70e3cf2a4f143,orders_customer_fk,referential_integrity,orders,5164,customer_id,C000004,high,customer_id 在父表中不存在
13d9d62f83dd4c3155846afd8e05470ff771e392,orders_customer_fk,referential_integrity,orders,5416,customer_id,C000004,high,customer_id 在父表中不存在
4215827959326305abb66733c06f4d9639986b85,orders_product_fk,referential_integrity,orders,8,product_id,P9999,high,product_id 在父表中不存在
20bb16894fbd558fec1ff3f43e8007bd44896868,orders_region_consistency,cross_table_consistency,orders,9,region,海外,high,字段值与父表不一致
347e35fea66b599f2fb8c5175e1c4776c11d79d1,orders_quantity_range,range,orders,2,quantity,-2,high,quantity 超出数值范围
a833aae376536c8e01c4615db864aac439ede02e,orders_price_range,range,orders,3,unit_price,-99.00,high,unit_price 超出数值范围
de6e7ff3600bcbd4e81e377fec5a2f4eccf61be0,orders_discount_range,range,orders,4,discount_rate,0.80,high,discount_rate 超出数值范围
5c59acd1fc110a9589c689982eaf198c3dc05a19,orders_payment_allowed,allowed_values,orders,5,payment_status,unknown,medium,payment_status 取值不在允许范围内
e53ecd5f063a36e02ea68cc192c93e44cb0b0c44,orders_date_not_future,date_not_after,orders,6,order_date,2026-12-31,high,order_date 不是有效历史日期或晚于 2026-01-15
5c6a176802c045282f472c0f7333b87b61510f02,orders_null_rate,null_rate,orders,,order_id,,high,order_id 空值率 0.02% 超过阈值 0.00%
